"code","deb_sem","type_val","abon","abv","abz","ahh","ajb","ambl","ants","atb","bel","bela","bhk","boe","bos","cda","die","diri","dona","dri","ejd","far","fito","fns","iho","mae","mand","mdv","mhj","mia","miad","mjr","mnj","mnld","mora","mrb","mrg","mrt","mtn","nsb","samp","sbv","snam","stm","tanb","tdd","tgr","tlr","toa","tomp","tsar","tsim","tsl","velo","vink","vola"
"2016_10",16867,"LST_DAY",,4.382E1,2.712E1,2.935E1,2.571E1,,,3.073E1,3.367E1,,2.964E1,3.179E1,2.684E1,31,2.688E1,,,3.025E1,4.21E1,3.107E1,,2.861E1,3.243E1,3.835E1,,3.455E1,3.273E1,3.496E1,,2.853E1,3.209E1,,,3.394E1,2.765E1,2.81E1,2.737E1,2.732E1,,2.669E1,,2.981E1,,2.834E1,2.824E1,3.998E1,3.276E1,,,,2.899E1,,,
"2016_10",16867,"LST_NIGHT",,2.397E1,1.948E1,2.506E1,1.83E1,,,1.656E1,2.418E1,,1.841E1,2.574E1,1.551E1,1.958E1,2.214E1,,,1.984E1,2.352E1,1.819E1,,1.73E1,1.958E1,2.669E1,,2.375E1,2.452E1,2.344E1,,1.833E1,2.184E1,,,2.442E1,1.816E1,2.453E1,2.355E1,2.192E1,,2.212E1,,2.393E1,,2.256E1,2.38E1,2.57E1,2.202E1,,,,1.836E1,,,
"2016_10",16867,"PRECIPITATION",,2.281783,2.330162,0.2865526,0.6224746,,,0.3405584,1.839853,,0.2111228,0,1.5859514,0,0.02402268,,,2.6035317,1.831249,2.5345271,,1.7043761,4.76998277,0,,1.993066,0,1.855669,,0.2111228,1.6648202,,,2.414968,1.367133,1.2198176E1,0.05744078,0.02509969,,2.5391526E1,,1.6541718,,0.03447783,2.007206,0.1971602,4.639919,,,,0.2111228,,,
